view	hw_ms	lo	hi	work_ms	fly_ms	game-render-side	actors	game-logic	scenery	ui	copies	char_rows	mean_ga	mean_oa	mean_gr	mean_go	mean_gs	mean_gx	mean_b5	mean_b12	mean_b25	mean_bfar	mean_or	mean_c0	mean_c1	mean_c2	mean_c3	mean_snp	mean_sst	mean_sot	census_frames
prad	61.90	54.90	72.00	57.25	43.70	24.06	7.23	7.57	15.64	3.37	1.92	12.22	1.00	18.00	0.00	0.00	0.00	0.00	0.00	0.00	0.00	0.00	1.00	0.00	0.00	0.00	0.00	0.00	0.00	0.00	480.00
brdg	56.30	50.10	65.10	49.49	39.60	23.52	6.08	7.51	13.00	2.78	1.64	10.15	1.00	18.00	0.00	0.00	0.00	0.00	0.00	0.00	0.00	0.00	1.00	0.00	0.00	0.00	0.00	0.00	0.00	0.00	480.00
s20	75.50	66.90	87.30	60.51	51.90	38.53	7.96	9.96	11.03	4.15	1.69	16.78	11.00	32.00	1.21	0.00	1.21	0.00	1.00	0.00	0.17	0.03	1.00	0.00	1.15	0.00	0.06	1.14	0.00	0.07	480.00
s20s	71.30	63.30	82.30	56.94	49.10	36.40	6.55	9.92	10.99	3.79	1.56	15.44	11.00	32.00	0.00	0.00	0.00	0.00	0.00	0.00	0.00	0.00	1.00	0.00	0.00	0.00	0.00	0.00	0.00	0.00	480.00
r101e3	77.80	66.70	93.10	77.79	51.00	32.13	11.88	10.52	13.20	5.21	2.35	17.27	11.00	40.00	3.72	0.70	3.02	0.00	0.00	0.00	0.00	3.72	1.00	0.00	0.00	0.00	0.00	3.02	0.00	0.00	480.00
r101es	72.70	62.30	87.10	72.69	47.30	30.72	9.01	10.39	13.16	5.03	1.91	16.13	11.00	40.00	0.00	0.00	0.00	0.00	0.00	0.00	0.00	0.00	1.00	0.00	0.00	0.00	0.00	0.00	0.00	0.00	480.00
r101ex	71.50	61.40	85.60	71.49	46.60	27.66	11.79	9.92	13.02	4.40	2.35	16.70	11.00	40.00	3.72	0.70	3.02	0.00	0.00	0.00	0.00	3.72	1.00	0.00	0.00	0.00	0.00	3.02	0.00	0.00	480.00
r101l	105.20	90.60	125.80	105.19	69.20	36.22	16.91	10.04	20.77	13.62	3.53	22.29	11.00	40.00	5.00	1.00	4.00	0.00	0.00	0.00	2.00	3.00	1.00	0.00	2.00	0.00	0.00	4.00	0.00	0.00	480.00
bellf	54.90	47.40	65.10	54.89	37.30	20.47	11.25	6.41	9.71	2.77	2.60	12.40	14.00	40.00	4.00	4.00	0.00	0.00	4.00	0.00	0.00	0.00	1.00	0.00	4.00	0.00	0.00	0.00	0.00	0.00	480.00
bellfs	50.30	44.20	58.90	45.38	34.50	22.58	6.34	6.29	9.63	2.39	1.69	9.99	14.00	40.00	0.00	0.00	0.00	0.00	0.00	0.00	0.00	0.00	1.00	0.00	0.00	0.00	0.00	0.00	0.00	0.00	480.00
bella	76.10	66.40	89.40	73.48	51.80	30.13	12.21	11.14	13.77	3.71	2.99	16.45	14.00	40.00	4.15	3.64	0.51	0.00	2.71	0.24	0.21	0.98	1.00	0.00	2.95	0.04	0.21	0.51	0.00	0.00	480.00
kite	105.80	92.10	124.80	105.79	71.20	36.23	18.19	12.68	21.95	8.25	4.33	20.90	14.00	41.10	5.52	5.52	0.00	0.00	1.85	1.80	0.74	1.14	1.00	0.00	2.67	0.99	0.73	0.00	0.00	0.00	480.00
kites	91.40	79.60	107.70	91.39	60.60	32.94	10.17	12.52	21.86	7.11	2.96	17.92	14.00	41.10	0.00	0.00	0.00	0.00	0.00	0.00	0.00	0.00	1.00	0.00	0.00	0.00	0.00	0.00	0.00	0.00	480.00
pbell	37.80	32.10	46.00	37.79	25.10	16.89	7.46	3.75	4.03	3.09	1.19	11.15	0.00	16.86	0.00	0.00	0.00	0.00	0.00	0.00	0.00	0.00	0.57	0.00	0.00	0.00	0.00	0.00	0.00	0.00	480.00
r103	75.60	66.20	88.80	72.48	51.40	32.04	9.75	11.30	13.55	3.87	2.61	17.67	5.00	42.00	3.00	1.00	2.00	0.00	0.00	0.00	2.00	1.00	1.00	0.00	2.00	0.00	0.00	0.00	0.00	2.00	480.00
r103s	75.80	67.70	87.20	64.70	52.90	37.64	6.18	11.19	13.37	3.15	2.05	15.62	5.00	42.00	0.00	0.00	0.00	0.00	0.00	0.00	0.00	0.00	1.00	0.00	0.00	0.00	0.00	0.00	0.00	0.00	480.00
