view	frame	hw_ms	ga	oa	gr	go	gs	gx	b5	b12	b25	bfar	or	c0	c1	c2	c3	snp	sst	sot
prad	900	42.675	1	18	0	0	0	0	0	0	0	0	1	0	0	0	0	0	0	0
prad	916	39.153	1	18	0	0	0	0	0	0	0	0	1	0	0	0	0	0	0	0
prad	932	74.754	1	18	0	0	0	0	0	0	0	0	1	0	0	0	0	0	0	0
prad	948	58.882	1	18	0	0	0	0	0	0	0	0	1	0	0	0	0	0	0	0
prad	964	53.035	1	18	0	0	0	0	0	0	0	0	1	0	0	0	0	0	0	0
prad	980	50.245	1	18	0	0	0	0	0	0	0	0	1	0	0	0	0	0	0	0
prad	996	51.219	1	18	0	0	0	0	0	0	0	0	1	0	0	0	0	0	0	0
prad	1012	50.859	1	18	0	0	0	0	0	0	0	0	1	0	0	0	0	0	0	0
prad	1028	56.362	1	18	0	0	0	0	0	0	0	0	1	0	0	0	0	0	0	0
prad	1044	57.298	1	18	0	0	0	0	0	0	0	0	1	0	0	0	0	0	0	0
prad	1060	58.844	1	18	0	0	0	0	0	0	0	0	1	0	0	0	0	0	0	0
prad	1076	59.670	1	18	0	0	0	0	0	0	0	0	1	0	0	0	0	0	0	0
prad	1092	60.441	1	18	0	0	0	0	0	0	0	0	1	0	0	0	0	0	0	0
prad	1108	60.680	1	18	0	0	0	0	0	0	0	0	1	0	0	0	0	0	0	0
prad	1124	61.135	1	18	0	0	0	0	0	0	0	0	1	0	0	0	0	0	0	0
prad	1140	61.075	1	18	0	0	0	0	0	0	0	0	1	0	0	0	0	0	0	0
prad	1156	62.304	1	18	0	0	0	0	0	0	0	0	1	0	0	0	0	0	0	0
prad	1172	63.164	1	18	0	0	0	0	0	0	0	0	1	0	0	0	0	0	0	0
prad	1188	62.599	1	18	0	0	0	0	0	0	0	0	1	0	0	0	0	0	0	0
prad	1204	62.435	1	18	0	0	0	0	0	0	0	0	1	0	0	0	0	0	0	0
prad	1220	62.873	1	18	0	0	0	0	0	0	0	0	1	0	0	0	0	0	0	0
prad	1236	65.369	1	18	0	0	0	0	0	0	0	0	1	0	0	0	0	0	0	0
prad	1252	55.177	1	18	0	0	0	0	0	0	0	0	1	0	0	0	0	0	0	0
prad	1268	81.911	1	18	0	0	0	0	0	0	0	0	1	0	0	0	0	0	0	0
prad	1284	41.681	1	18	0	0	0	0	0	0	0	0	1	0	0	0	0	0	0	0
prad	1300	42.862	1	18	0	0	0	0	0	0	0	0	1	0	0	0	0	0	0	0
prad	1316	78.372	1	18	0	0	0	0	0	0	0	0	1	0	0	0	0	0	0	0
prad	1332	84.864	1	18	0	0	0	0	0	0	0	0	1	0	0	0	0	0	0	0
prad	1348	81.815	1	18	0	0	0	0	0	0	0	0	1	0	0	0	0	0	0	0
prad	1364	88.283	1	18	0	0	0	0	0	0	0	0	1	0	0	0	0	0	0	0
prad	1380	89.288																		
brdg	900	44.541	1	18	0	0	0	0	0	0	0	0	1	0	0	0	0	0	0	0
brdg	916	48.352	1	18	0	0	0	0	0	0	0	0	1	0	0	0	0	0	0	0
brdg	932	85.402	1	18	0	0	0	0	0	0	0	0	1	0	0	0	0	0	0	0
brdg	948	52.954	1	18	0	0	0	0	0	0	0	0	1	0	0	0	0	0	0	0
brdg	964	45.781	1	18	0	0	0	0	0	0	0	0	1	0	0	0	0	0	0	0
brdg	980	44.887	1	18	0	0	0	0	0	0	0	0	1	0	0	0	0	0	0	0
brdg	996	44.916	1	18	0	0	0	0	0	0	0	0	1	0	0	0	0	0	0	0
brdg	1012	45.649	1	18	0	0	0	0	0	0	0	0	1	0	0	0	0	0	0	0
brdg	1028	44.898	1	18	0	0	0	0	0	0	0	0	1	0	0	0	0	0	0	0
brdg	1044	86.403	1	18	0	0	0	0	0	0	0	0	1	0	0	0	0	0	0	0
brdg	1060	86.650	1	18	0	0	0	0	0	0	0	0	1	0	0	0	0	0	0	0
brdg	1076	86.378	1	18	0	0	0	0	0	0	0	0	1	0	0	0	0	0	0	0
brdg	1092	86.665	1	18	0	0	0	0	0	0	0	0	1	0	0	0	0	0	0	0
brdg	1108	86.907	1	18	0	0	0	0	0	0	0	0	1	0	0	0	0	0	0	0
brdg	1124	45.286	1	18	0	0	0	0	0	0	0	0	1	0	0	0	0	0	0	0
brdg	1140	46.634	1	18	0	0	0	0	0	0	0	0	1	0	0	0	0	0	0	0
brdg	1156	44.858	1	18	0	0	0	0	0	0	0	0	1	0	0	0	0	0	0	0
brdg	1172	45.501	1	18	0	0	0	0	0	0	0	0	1	0	0	0	0	0	0	0
brdg	1188	44.730	1	18	0	0	0	0	0	0	0	0	1	0	0	0	0	0	0	0
brdg	1204	44.097	1	18	0	0	0	0	0	0	0	0	1	0	0	0	0	0	0	0
brdg	1220	44.332	1	18	0	0	0	0	0	0	0	0	1	0	0	0	0	0	0	0
brdg	1236	46.597	1	18	0	0	0	0	0	0	0	0	1	0	0	0	0	0	0	0
brdg	1252	45.004	1	18	0	0	0	0	0	0	0	0	1	0	0	0	0	0	0	0
brdg	1268	84.921	1	18	0	0	0	0	0	0	0	0	1	0	0	0	0	0	0	0
brdg	1284	47.713	1	18	0	0	0	0	0	0	0	0	1	0	0	0	0	0	0	0
brdg	1300	45.274	1	18	0	0	0	0	0	0	0	0	1	0	0	0	0	0	0	0
brdg	1316	44.782	1	18	0	0	0	0	0	0	0	0	1	0	0	0	0	0	0	0
brdg	1332	42.374	1	18	0	0	0	0	0	0	0	0	1	0	0	0	0	0	0	0
brdg	1348	89.770	1	18	0	0	0	0	0	0	0	0	1	0	0	0	0	0	0	0
brdg	1364	49.116	1	18	0	0	0	0	0	0	0	0	1	0	0	0	0	0	0	0
brdg	1380	43.649																		
s20	1240	57.808	11	32	1	0	1	0	1	0	0	0	1	0	1	0	0	1	0	0
s20	1256	71.894	11	32	1	0	1	0	1	0	0	0	1	0	1	0	0	1	0	0
s20	1272	104.236	11	32	4	0	4	0	1	0	2	1	1	0	3	0	1	3	0	1
s20	1288	61.850	11	32	1	0	1	0	1	0	0	0	1	0	1	0	0	1	0	0
s20	1304	57.619	11	32	1	0	1	0	1	0	0	0	1	0	1	0	0	1	0	0
s20	1320	60.174	11	32	1	0	1	0	1	0	0	0	1	0	1	0	0	1	0	0
s20	1336	68.236	11	32	1	0	1	0	1	0	0	0	1	0	1	0	0	1	0	0
s20	1352	84.781	11	32	4	0	4	0	1	0	3	0	1	0	3	0	1	3	0	1
s20	1368	66.419	11	32	1	0	1	0	1	0	0	0	1	0	1	0	0	1	0	0
s20	1384	58.249	11	32	1	0	1	0	1	0	0	0	1	0	1	0	0	1	0	0
s20	1400	56.546	11	32	1	0	1	0	1	0	0	0	1	0	1	0	0	1	0	0
s20	1416	57.864	11	32	1	0	1	0	1	0	0	0	1	0	1	0	0	1	0	0
s20	1432	81.401	11	32	1	0	1	0	1	0	0	0	1	0	1	0	0	1	0	0
s20	1448	80.719	11	32	1	0	1	0	1	0	0	0	1	0	1	0	0	1	0	0
s20	1464	80.374	11	32	1	0	1	0	1	0	0	0	1	0	1	0	0	1	0	0
s20	1480	80.714	11	32	1	0	1	0	1	0	0	0	1	0	1	0	0	1	0	0
s20	1496	80.764	11	32	1	0	1	0	1	0	0	0	1	0	1	0	0	1	0	0
s20	1512	80.237	11	32	1	0	1	0	1	0	0	0	1	0	1	0	0	1	0	0
s20	1528	81.226	11	32	1	0	1	0	1	0	0	0	1	0	1	0	0	1	0	0
s20	1544	80.965	11	32	1	0	1	0	1	0	0	0	1	0	1	0	0	1	0	0
s20	1560	81.921	11	32	1	0	1	0	1	0	0	0	1	0	1	0	0	1	0	0
s20	1576	81.181	11	32	1	0	1	0	1	0	0	0	1	0	1	0	0	1	0	0
s20	1592	80.507	11	32	1	0	1	0	1	0	0	0	1	0	1	0	0	1	0	0
s20	1608	79.844	11	32	1	0	1	0	1	0	0	0	1	0	1	0	0	1	0	0
s20	1624	80.950	11	32	1	0	1	0	1	0	0	0	1	0	1	0	0	1	0	0
s20	1640	80.637	11	32	1	0	1	0	1	0	0	0	1	0	1	0	0	1	0	0
s20	1656	80.999	11	32	1	0	1	0	1	0	0	0	1	0	1	0	0	1	0	0
s20	1672	80.426	11	32	1	0	1	0	1	0	0	0	1	0	1	0	0	1	0	0
s20	1688	80.372	11	32	1	0	1	0	1	0	0	0	1	0	1	0	0	1	0	0
s20	1704	80.913	11	32	1	0	1	0	1	0	0	0	1	0	1	0	0	1	0	0
s20	1720	80.258																		
s20s	1240	55.256	11	32	0	0	0	0	0	0	0	0	1	0	0	0	0	0	0	0
s20s	1256	68.742	11	32	0	0	0	0	0	0	0	0	1	0	0	0	0	0	0	0
s20s	1272	77.942	11	32	0	0	0	0	0	0	0	0	1	0	0	0	0	0	0	0
s20s	1288	58.964	11	32	0	0	0	0	0	0	0	0	1	0	0	0	0	0	0	0
s20s	1304	54.897	11	32	0	0	0	0	0	0	0	0	1	0	0	0	0	0	0	0
s20s	1320	57.257	11	32	0	0	0	0	0	0	0	0	1	0	0	0	0	0	0	0
s20s	1336	65.479	11	32	0	0	0	0	0	0	0	0	1	0	0	0	0	0	0	0
s20s	1352	73.850	11	32	0	0	0	0	0	0	0	0	1	0	0	0	0	0	0	0
s20s	1368	62.528	11	32	0	0	0	0	0	0	0	0	1	0	0	0	0	0	0	0
s20s	1384	56.369	11	32	0	0	0	0	0	0	0	0	1	0	0	0	0	0	0	0
s20s	1400	54.597	11	32	0	0	0	0	0	0	0	0	1	0	0	0	0	0	0	0
s20s	1416	55.772	11	32	0	0	0	0	0	0	0	0	1	0	0	0	0	0	0	0
s20s	1432	54.696	11	32	0	0	0	0	0	0	0	0	1	0	0	0	0	0	0	0
s20s	1448	53.895	11	32	0	0	0	0	0	0	0	0	1	0	0	0	0	0	0	0
s20s	1464	54.277	11	32	0	0	0	0	0	0	0	0	1	0	0	0	0	0	0	0
s20s	1480	82.157	11	32	0	0	0	0	0	0	0	0	1	0	0	0	0	0	0	0
s20s	1496	82.040	11	32	0	0	0	0	0	0	0	0	1	0	0	0	0	0	0	0
s20s	1512	80.999	11	32	0	0	0	0	0	0	0	0	1	0	0	0	0	0	0	0
s20s	1528	82.373	11	32	0	0	0	0	0	0	0	0	1	0	0	0	0	0	0	0
s20s	1544	81.658	11	32	0	0	0	0	0	0	0	0	1	0	0	0	0	0	0	0
s20s	1560	82.919	11	32	0	0	0	0	0	0	0	0	1	0	0	0	0	0	0	0
s20s	1576	81.274	11	32	0	0	0	0	0	0	0	0	1	0	0	0	0	0	0	0
s20s	1592	81.480	11	32	0	0	0	0	0	0	0	0	1	0	0	0	0	0	0	0
s20s	1608	80.709	11	32	0	0	0	0	0	0	0	0	1	0	0	0	0	0	0	0
s20s	1624	81.449	11	32	0	0	0	0	0	0	0	0	1	0	0	0	0	0	0	0
s20s	1640	80.982	11	32	0	0	0	0	0	0	0	0	1	0	0	0	0	0	0	0
s20s	1656	81.968	11	32	0	0	0	0	0	0	0	0	1	0	0	0	0	0	0	0
s20s	1672	81.640	11	32	0	0	0	0	0	0	0	0	1	0	0	0	0	0	0	0
s20s	1688	81.165	11	32	0	0	0	0	0	0	0	0	1	0	0	0	0	0	0	0
s20s	1704	81.495	11	32	0	0	0	0	0	0	0	0	1	0	0	0	0	0	0	0
s20s	1720	81.130																		
r101e3	900	108.148	11	40	6	0	6	0	0	0	0	6	1	0	0	0	0	6	0	0
r101e3	916	77.167	11	40	1	0	1	0	0	0	0	1	1	0	0	0	0	1	0	0
r101e3	932	57.052	11	40	0	0	0	0	0	0	0	0	1	0	0	0	0	0	0	0
r101e3	948	56.466	11	40	0	0	0	0	0	0	0	0	1	0	0	0	0	0	0	0
r101e3	964	55.803	11	40	0	0	0	0	0	0	0	0	1	0	0	0	0	0	0	0
r101e3	980	89.358	11	40	2	1	1	0	0	0	0	2	1	0	0	0	0	1	0	0
r101e3	996	83.502	11	40	5	0	5	0	0	0	0	5	1	0	0	0	0	5	0	0
r101e3	1012	55.756	11	40	0	0	0	0	0	0	0	0	1	0	0	0	0	0	0	0
r101e3	1028	56.106	11	40	0	0	0	0	0	0	0	0	1	0	0	0	0	0	0	0
r101e3	1044	55.777	11	40	0	0	0	0	0	0	0	0	1	0	0	0	0	0	0	0
r101e3	1060	75.957	11	40	1	1	0	0	0	0	0	1	1	0	0	0	0	0	0	0
r101e3	1076	83.060	11	40	5	1	4	0	0	0	0	5	1	0	0	0	0	4	0	0
r101e3	1092	80.473	11	40	5	1	4	0	0	0	0	5	1	0	0	0	0	4	0	0
r101e3	1108	79.752	11	40	5	1	4	0	0	0	0	5	1	0	0	0	0	4	0	0
r101e3	1124	80.122	11	40	5	1	4	0	0	0	0	5	1	0	0	0	0	4	0	0
r101e3	1140	80.698	11	40	5	1	4	0	0	0	0	5	1	0	0	0	0	4	0	0
r101e3	1156	79.277	11	40	5	1	4	0	0	0	0	5	1	0	0	0	0	4	0	0
r101e3	1172	79.670	11	40	5	1	4	0	0	0	0	5	1	0	0	0	0	4	0	0
r101e3	1188	79.617	11	40	5	1	4	0	0	0	0	5	1	0	0	0	0	4	0	0
r101e3	1204	82.119	11	40	5	1	4	0	0	0	0	5	1	0	0	0	0	4	0	0
r101e3	1220	82.306	11	40	5	1	4	0	0	0	0	5	1	0	0	0	0	4	0	0
r101e3	1236	83.088	11	40	5	1	4	0	0	0	0	5	1	0	0	0	0	4	0	0
r101e3	1252	82.205	11	40	5	1	4	0	0	0	0	5	1	0	0	0	0	4	0	0
r101e3	1268	83.891	11	40	5	1	4	0	0	0	0	5	1	0	0	0	0	4	0	0
r101e3	1284	84.815	11	40	5	1	4	0	0	0	0	5	1	0	0	0	0	4	0	0
r101e3	1300	85.436	11	40	5	1	4	0	0	0	0	5	1	0	0	0	0	4	0	0
r101e3	1316	83.031	11	40	5	1	4	0	0	0	0	5	1	0	0	0	0	4	0	0
r101e3	1332	83.297	11	40	5	1	4	0	0	0	0	5	1	0	0	0	0	4	0	0
r101e3	1348	82.798	11	40	5	1	4	0	0	0	0	5	1	0	0	0	0	4	0	0
r101e3	1364	82.327	11	40	5	1	4	0	0	0	0	5	1	0	0	0	0	4	0	0
r101e3	1380	83.300																		
r101es	900	78.707	11	40	0	0	0	0	0	0	0	0	1	0	0	0	0	0	0	0
r101es	916	75.976	11	40	0	0	0	0	0	0	0	0	1	0	0	0	0	0	0	0
r101es	932	56.938	11	40	0	0	0	0	0	0	0	0	1	0	0	0	0	0	0	0
r101es	948	56.454	11	40	0	0	0	0	0	0	0	0	1	0	0	0	0	0	0	0
r101es	964	55.701	11	40	0	0	0	0	0	0	0	0	1	0	0	0	0	0	0	0
r101es	980	85.838	11	40	0	0	0	0	0	0	0	0	1	0	0	0	0	0	0	0
r101es	996	78.218	11	40	0	0	0	0	0	0	0	0	1	0	0	0	0	0	0	0
r101es	1012	55.792	11	40	0	0	0	0	0	0	0	0	1	0	0	0	0	0	0	0
r101es	1028	56.171	11	40	0	0	0	0	0	0	0	0	1	0	0	0	0	0	0	0
r101es	1044	55.608	11	40	0	0	0	0	0	0	0	0	1	0	0	0	0	0	0	0
r101es	1060	73.838	11	40	0	0	0	0	0	0	0	0	1	0	0	0	0	0	0	0
r101es	1076	77.023	11	40	0	0	0	0	0	0	0	0	1	0	0	0	0	0	0	0
r101es	1092	74.479	11	40	0	0	0	0	0	0	0	0	1	0	0	0	0	0	0	0
r101es	1108	74.062	11	40	0	0	0	0	0	0	0	0	1	0	0	0	0	0	0	0
r101es	1124	74.159	11	40	0	0	0	0	0	0	0	0	1	0	0	0	0	0	0	0
r101es	1140	74.687	11	40	0	0	0	0	0	0	0	0	1	0	0	0	0	0	0	0
r101es	1156	73.291	11	40	0	0	0	0	0	0	0	0	1	0	0	0	0	0	0	0
r101es	1172	73.797	11	40	0	0	0	0	0	0	0	0	1	0	0	0	0	0	0	0
r101es	1188	73.744	11	40	0	0	0	0	0	0	0	0	1	0	0	0	0	0	0	0
r101es	1204	76.206	11	40	0	0	0	0	0	0	0	0	1	0	0	0	0	0	0	0
r101es	1220	76.410	11	40	0	0	0	0	0	0	0	0	1	0	0	0	0	0	0	0
r101es	1236	77.067	11	40	0	0	0	0	0	0	0	0	1	0	0	0	0	0	0	0
r101es	1252	76.194	11	40	0	0	0	0	0	0	0	0	1	0	0	0	0	0	0	0
r101es	1268	77.833	11	40	0	0	0	0	0	0	0	0	1	0	0	0	0	0	0	0
r101es	1284	78.786	11	40	0	0	0	0	0	0	0	0	1	0	0	0	0	0	0	0
r101es	1300	79.308	11	40	0	0	0	0	0	0	0	0	1	0	0	0	0	0	0	0
r101es	1316	76.910	11	40	0	0	0	0	0	0	0	0	1	0	0	0	0	0	0	0
r101es	1332	77.393	11	40	0	0	0	0	0	0	0	0	1	0	0	0	0	0	0	0
r101es	1348	76.931	11	40	0	0	0	0	0	0	0	0	1	0	0	0	0	0	0	0
r101es	1364	77.397	11	40	0	0	0	0	0	0	0	0	1	0	0	0	0	0	0	0
r101es	1380	78.393																		
r101ex	900	99.451	11	40	6	0	6	0	0	0	0	6	1	0	0	0	0	6	0	0
r101ex	916	70.516	11	40	1	0	1	0	0	0	0	1	1	0	0	0	0	1	0	0
r101ex	932	52.120	11	40	0	0	0	0	0	0	0	0	1	0	0	0	0	0	0	0
r101ex	948	51.453	11	40	0	0	0	0	0	0	0	0	1	0	0	0	0	0	0	0
r101ex	964	50.634	11	40	0	0	0	0	0	0	0	0	1	0	0	0	0	0	0	0
r101ex	980	82.746	11	40	2	1	1	0	0	0	0	2	1	0	0	0	0	1	0	0
r101ex	996	74.980	11	40	5	0	5	0	0	0	0	5	1	0	0	0	0	5	0	0
r101ex	1012	50.573	11	40	0	0	0	0	0	0	0	0	1	0	0	0	0	0	0	0
r101ex	1028	51.179	11	40	0	0	0	0	0	0	0	0	1	0	0	0	0	0	0	0
r101ex	1044	50.673	11	40	0	0	0	0	0	0	0	0	1	0	0	0	0	0	0	0
r101ex	1060	69.538	11	40	1	1	0	0	0	0	0	1	1	0	0	0	0	0	0	0
r101ex	1076	75.652	11	40	5	1	4	0	0	0	0	5	1	0	0	0	0	4	0	0
r101ex	1092	72.949	11	40	5	1	4	0	0	0	0	5	1	0	0	0	0	4	0	0
r101ex	1108	72.393	11	40	5	1	4	0	0	0	0	5	1	0	0	0	0	4	0	0
r101ex	1124	73.857	11	40	5	1	4	0	0	0	0	5	1	0	0	0	0	4	0	0
r101ex	1140	74.015	11	40	5	1	4	0	0	0	0	5	1	0	0	0	0	4	0	0
r101ex	1156	72.111	11	40	5	1	4	0	0	0	0	5	1	0	0	0	0	4	0	0
r101ex	1172	72.395	11	40	5	1	4	0	0	0	0	5	1	0	0	0	0	4	0	0
r101ex	1188	72.266	11	40	5	1	4	0	0	0	0	5	1	0	0	0	0	4	0	0
r101ex	1204	75.904	11	40	5	1	4	0	0	0	0	5	1	0	0	0	0	4	0	0
r101ex	1220	76.101	11	40	5	1	4	0	0	0	0	5	1	0	0	0	0	4	0	0
r101ex	1236	76.794	11	40	5	1	4	0	0	0	0	5	1	0	0	0	0	4	0	0
r101ex	1252	75.527	11	40	5	1	4	0	0	0	0	5	1	0	0	0	0	4	0	0
r101ex	1268	77.495	11	40	5	1	4	0	0	0	0	5	1	0	0	0	0	4	0	0
r101ex	1284	78.628	11	40	5	1	4	0	0	0	0	5	1	0	0	0	0	4	0	0
r101ex	1300	79.273	11	40	5	1	4	0	0	0	0	5	1	0	0	0	0	4	0	0
r101ex	1316	77.218	11	40	5	1	4	0	0	0	0	5	1	0	0	0	0	4	0	0
r101ex	1332	77.638	11	40	5	1	4	0	0	0	0	5	1	0	0	0	0	4	0	0
r101ex	1348	76.988	11	40	5	1	4	0	0	0	0	5	1	0	0	0	0	4	0	0
r101ex	1364	77.599	11	40	5	1	4	0	0	0	0	5	1	0	0	0	0	4	0	0
r101ex	1380	78.675																		
r101l	2040	91.073	11	40	3	1	2	0	0	0	1	2	1	0	1	0	0	2	0	0
r101l	2056	103.573	11	40	5	1	4	0	0	0	2	3	1	0	2	0	0	4	0	0
r101l	2072	104.275	11	40	5	1	4	0	0	0	2	3	1	0	2	0	0	4	0	0
r101l	2088	115.950	11	40	5	1	4	0	0	0	2	3	1	0	2	0	0	4	0	0
r101l	2104	103.188	11	40	5	1	4	0	0	0	2	3	1	0	2	0	0	4	0	0
r101l	2120	106.661	11	40	5	1	4	0	0	0	2	3	1	0	2	0	0	4	0	0
r101l	2136	103.433	11	40	5	1	4	0	0	0	2	3	1	0	2	0	0	4	0	0
r101l	2152	102.174	11	40	5	1	4	0	0	0	2	3	1	0	2	0	0	4	0	0
r101l	2168	103.841	11	40	5	1	4	0	0	0	2	3	1	0	2	0	0	4	0	0
r101l	2184	111.447	11	40	5	1	4	0	0	0	2	3	1	0	2	0	0	4	0	0
r101l	2200	101.067	11	40	5	1	4	0	0	0	2	3	1	0	2	0	0	4	0	0
r101l	2216	102.531	11	40	5	1	4	0	0	0	2	3	1	0	2	0	0	4	0	0
r101l	2232	113.244	11	40	5	1	4	0	0	0	2	3	1	0	2	0	0	4	0	0
r101l	2248	104.924	11	40	5	1	4	0	0	0	2	3	1	0	2	0	0	4	0	0
r101l	2264	102.587	11	40	5	1	4	0	0	0	2	3	1	0	2	0	0	4	0	0
r101l	2280	107.780	11	40	5	1	4	0	0	0	2	3	1	0	2	0	0	4	0	0
r101l	2296	104.618	11	40	5	1	4	0	0	0	2	3	1	0	2	0	0	4	0	0
r101l	2312	105.722	11	40	5	1	4	0	0	0	2	3	1	0	2	0	0	4	0	0
r101l	2328	107.205	11	40	5	1	4	0	0	0	2	3	1	0	2	0	0	4	0	0
r101l	2344	105.004	11	40	5	1	4	0	0	0	2	3	1	0	2	0	0	4	0	0
r101l	2360	105.671	11	40	5	1	4	0	0	0	2	3	1	0	2	0	0	4	0	0
r101l	2376	106.601	11	40	5	1	4	0	0	0	2	3	1	0	2	0	0	4	0	0
r101l	2392	104.820	11	40	5	1	4	0	0	0	2	3	1	0	2	0	0	4	0	0
r101l	2408	106.956	11	40	5	1	4	0	0	0	2	3	1	0	2	0	0	4	0	0
r101l	2424	107.680	11	40	5	1	4	0	0	0	2	3	1	0	2	0	0	4	0	0
r101l	2440	100.738	11	40	5	1	4	0	0	0	2	3	1	0	2	0	0	4	0	0
r101l	2456	102.161	11	40	5	1	4	0	0	0	2	3	1	0	2	0	0	4	0	0
r101l	2472	109.339	11	40	5	1	4	0	0	0	2	3	1	0	2	0	0	4	0	0
r101l	2488	109.852	11	40	5	1	4	0	0	0	2	3	1	0	2	0	0	4	0	0
r101l	2504	103.815	11	40	5	1	4	0	0	0	2	3	1	0	2	0	0	4	0	0
r101l	2520	104.406																		
bellf	1640	64.955	14	40	4	4	0	0	4	0	0	0	1	0	4	0	0	0	0	0
bellf	1656	65.144	14	40	4	4	0	0	4	0	0	0	1	0	4	0	0	0	0	0
bellf	1672	63.913	14	40	4	4	0	0	4	0	0	0	1	0	4	0	0	0	0	0
bellf	1688	65.501	14	40	4	4	0	0	4	0	0	0	1	0	4	0	0	0	0	0
bellf	1704	64.398	14	40	4	4	0	0	4	0	0	0	1	0	4	0	0	0	0	0
bellf	1720	63.844	14	40	4	4	0	0	4	0	0	0	1	0	4	0	0	0	0	0
bellf	1736	63.914	14	40	4	4	0	0	4	0	0	0	1	0	4	0	0	0	0	0
bellf	1752	64.453	14	40	4	4	0	0	4	0	0	0	1	0	4	0	0	0	0	0
bellf	1768	65.844	14	40	4	4	0	0	4	0	0	0	1	0	4	0	0	0	0	0
bellf	1784	63.634	14	40	4	4	0	0	4	0	0	0	1	0	4	0	0	0	0	0
bellf	1800	65.295	14	40	4	4	0	0	4	0	0	0	1	0	4	0	0	0	0	0
bellf	1816	63.647	14	40	4	4	0	0	4	0	0	0	1	0	4	0	0	0	0	0
bellf	1832	63.913	14	40	4	4	0	0	4	0	0	0	1	0	4	0	0	0	0	0
bellf	1848	64.354	14	40	4	4	0	0	4	0	0	0	1	0	4	0	0	0	0	0
bellf	1864	64.481	14	40	4	4	0	0	4	0	0	0	1	0	4	0	0	0	0	0
bellf	1880	64.351	14	40	4	4	0	0	4	0	0	0	1	0	4	0	0	0	0	0
bellf	1896	64.084	14	40	4	4	0	0	4	0	0	0	1	0	4	0	0	0	0	0
bellf	1912	43.157	14	40	4	4	0	0	4	0	0	0	1	0	4	0	0	0	0	0
bellf	1928	43.155	14	40	4	4	0	0	4	0	0	0	1	0	4	0	0	0	0	0
bellf	1944	42.922	14	40	4	4	0	0	4	0	0	0	1	0	4	0	0	0	0	0
bellf	1960	43.079	14	40	4	4	0	0	4	0	0	0	1	0	4	0	0	0	0	0
bellf	1976	43.166	14	40	4	4	0	0	4	0	0	0	1	0	4	0	0	0	0	0
bellf	1992	43.135	14	40	4	4	0	0	4	0	0	0	1	0	4	0	0	0	0	0
bellf	2008	43.117	14	40	4	4	0	0	4	0	0	0	1	0	4	0	0	0	0	0
bellf	2024	43.082	14	40	4	4	0	0	4	0	0	0	1	0	4	0	0	0	0	0
bellf	2040	44.273	14	40	4	4	0	0	4	0	0	0	1	0	4	0	0	0	0	0
bellf	2056	43.119	14	40	4	4	0	0	4	0	0	0	1	0	4	0	0	0	0	0
bellf	2072	43.343	14	40	4	4	0	0	4	0	0	0	1	0	4	0	0	0	0	0
bellf	2088	42.992	14	40	4	4	0	0	4	0	0	0	1	0	4	0	0	0	0	0
bellf	2104	43.013	14	40	4	4	0	0	4	0	0	0	1	0	4	0	0	0	0	0
bellf	2120	43.064																		
bellfs	1640	54.731	14	40	0	0	0	0	0	0	0	0	1	0	0	0	0	0	0	0
bellfs	1656	81.977	14	40	0	0	0	0	0	0	0	0	1	0	0	0	0	0	0	0
bellfs	1672	79.112	14	40	0	0	0	0	0	0	0	0	1	0	0	0	0	0	0	0
bellfs	1688	80.595	14	40	0	0	0	0	0	0	0	0	1	0	0	0	0	0	0	0
bellfs	1704	79.713	14	40	0	0	0	0	0	0	0	0	1	0	0	0	0	0	0	0
bellfs	1720	81.876	14	40	0	0	0	0	0	0	0	0	1	0	0	0	0	0	0	0
bellfs	1736	54.776	14	40	0	0	0	0	0	0	0	0	1	0	0	0	0	0	0	0
bellfs	1752	55.286	14	40	0	0	0	0	0	0	0	0	1	0	0	0	0	0	0	0
bellfs	1768	55.104	14	40	0	0	0	0	0	0	0	0	1	0	0	0	0	0	0	0
bellfs	1784	54.727	14	40	0	0	0	0	0	0	0	0	1	0	0	0	0	0	0	0
bellfs	1800	56.235	14	40	0	0	0	0	0	0	0	0	1	0	0	0	0	0	0	0
bellfs	1816	54.637	14	40	0	0	0	0	0	0	0	0	1	0	0	0	0	0	0	0
bellfs	1832	54.644	14	40	0	0	0	0	0	0	0	0	1	0	0	0	0	0	0	0
bellfs	1848	54.982	14	40	0	0	0	0	0	0	0	0	1	0	0	0	0	0	0	0
bellfs	1864	55.165	14	40	0	0	0	0	0	0	0	0	1	0	0	0	0	0	0	0
bellfs	1880	54.964	14	40	0	0	0	0	0	0	0	0	1	0	0	0	0	0	0	0
bellfs	1896	54.656	14	40	0	0	0	0	0	0	0	0	1	0	0	0	0	0	0	0
bellfs	1912	35.423	14	40	0	0	0	0	0	0	0	0	1	0	0	0	0	0	0	0
bellfs	1928	35.345	14	40	0	0	0	0	0	0	0	0	1	0	0	0	0	0	0	0
bellfs	1944	35.486	14	40	0	0	0	0	0	0	0	0	1	0	0	0	0	0	0	0
bellfs	1960	35.427	14	40	0	0	0	0	0	0	0	0	1	0	0	0	0	0	0	0
bellfs	1976	35.393	14	40	0	0	0	0	0	0	0	0	1	0	0	0	0	0	0	0
bellfs	1992	35.424	14	40	0	0	0	0	0	0	0	0	1	0	0	0	0	0	0	0
bellfs	2008	35.388	14	40	0	0	0	0	0	0	0	0	1	0	0	0	0	0	0	0
bellfs	2024	35.349	14	40	0	0	0	0	0	0	0	0	1	0	0	0	0	0	0	0
bellfs	2040	36.615	14	40	0	0	0	0	0	0	0	0	1	0	0	0	0	0	0	0
bellfs	2056	35.428	14	40	0	0	0	0	0	0	0	0	1	0	0	0	0	0	0	0
bellfs	2072	35.433	14	40	0	0	0	0	0	0	0	0	1	0	0	0	0	0	0	0
bellfs	2088	35.608	14	40	0	0	0	0	0	0	0	0	1	0	0	0	0	0	0	0
bellfs	2104	35.338	14	40	0	0	0	0	0	0	0	0	1	0	0	0	0	0	0	0
bellfs	2120	35.513																		
bella	1240	75.317	14	40	1	1	0	0	1	0	0	0	1	0	1	0	0	0	0	0
bella	1256	102.470	14	40	8	7	1	0	1	1	1	5	1	0	3	0	1	1	0	0
bella	1272	74.001	14	40	1	0	1	0	1	0	0	0	1	0	1	0	0	1	0	0
bella	1288	77.089	14	40	4	3	1	0	2	2	0	0	1	0	3	1	0	1	0	0
bella	1304	74.846	14	40	4	3	1	0	2	2	0	0	1	0	3	1	0	1	0	0
bella	1320	75.211	14	40	2	1	1	0	2	0	0	0	1	0	2	0	0	1	0	0
bella	1336	102.456	14	40	9	8	1	0	2	1	2	4	1	0	3	0	2	1	0	0
bella	1352	100.644	14	40	8	7	1	0	2	1	2	3	1	0	3	0	2	1	0	0
bella	1368	90.482	14	40	7	6	1	0	2	1	1	3	1	0	3	0	1	1	0	0
bella	1384	79.469	14	40	5	5	0	0	3	0	0	2	1	0	3	0	0	0	0	0
bella	1400	70.892	14	40	4	4	0	0	3	0	0	1	1	0	3	0	0	0	0	0
bella	1416	74.526	14	40	3	2	1	0	2	0	0	1	1	0	2	0	0	1	0	0
bella	1432	74.482	14	40	3	2	1	0	2	0	0	1	1	0	2	0	0	1	0	0
bella	1448	73.320	14	40	3	2	1	0	2	0	0	1	1	0	2	0	0	1	0	0
bella	1464	73.822	14	40	3	2	1	0	2	0	0	1	1	0	2	0	0	1	0	0
bella	1480	76.953	14	40	3	2	1	0	2	0	0	1	1	0	2	0	0	1	0	0
bella	1496	76.482	14	40	3	2	1	0	2	0	0	1	1	0	2	0	0	1	0	0
bella	1512	75.172	14	40	3	2	1	0	2	0	0	1	1	0	2	0	0	1	0	0
bella	1528	76.943	14	40	3	2	1	0	2	0	0	1	1	0	2	0	0	1	0	0
bella	1544	76.259	14	40	5	5	0	0	4	0	0	1	1	0	4	0	0	0	0	0
bella	1560	76.494	14	40	5	5	0	0	4	0	0	1	1	0	4	0	0	0	0	0
bella	1576	74.809	14	40	5	5	0	0	4	0	0	1	1	0	4	0	0	0	0	0
bella	1592	71.567	14	40	4	4	0	0	4	0	0	0	1	0	4	0	0	0	0	0
bella	1608	74.542	14	40	4	4	0	0	3	0	0	1	1	0	3	0	0	0	0	0
bella	1624	72.739	14	40	4	4	0	0	4	0	0	0	1	0	4	0	0	0	0	0
bella	1640	64.962	14	40	4	4	0	0	4	0	0	0	1	0	4	0	0	0	0	0
bella	1656	65.144	14	40	4	4	0	0	4	0	0	0	1	0	4	0	0	0	0	0
bella	1672	63.913	14	40	4	4	0	0	4	0	0	0	1	0	4	0	0	0	0	0
bella	1688	65.501	14	40	4	4	0	0	4	0	0	0	1	0	4	0	0	0	0	0
bella	1704	64.398	14	40	4	4	0	0	4	0	0	0	1	0	4	0	0	0	0	0
bella	1720	63.844																		
kite	500	90.308	14	41	5	5	0	0	1	2	0	2	1	0	3	0	0	0	0	0
kite	516	92.837	14	41	5	5	0	0	2	1	0	2	1	0	3	0	0	0	0	0
kite	532	86.820	14	41	5	5	0	0	2	1	0	2	1	0	3	0	0	0	0	0
kite	548	109.876	14	41	6	6	0	0	2	0	1	3	1	0	2	0	1	0	0	0
kite	564	95.548	14	41	6	6	0	0	2	0	1	3	1	0	2	0	1	0	0	0
kite	580	100.782	14	41	6	6	0	0	2	0	1	3	1	0	2	0	1	0	0	0
kite	596	87.916	14	41	4	4	0	0	0	1	0	3	1	0	1	0	0	0	0	0
kite	612	73.156	14	41	1	1	0	0	0	0	0	1	1	0	0	0	0	0	0	0
kite	628	121.391	14	41	7	7	0	0	0	4	1	2	1	0	3	1	1	0	0	0
kite	644	116.715	14	41	7	7	0	0	1	3	1	2	1	0	3	1	1	0	0	0
kite	660	118.797	14	41	7	7	0	0	2	2	1	2	1	0	3	1	1	0	0	0
kite	676	138.865	14	41	7	7	0	0	2	2	1	2	1	0	3	1	1	0	0	0
kite	692	129.379	14	41	7	7	0	0	3	1	1	2	1	0	3	1	1	0	0	0
kite	708	121.459	14	41	7	7	0	0	3	1	1	2	1	0	3	1	1	0	0	0
kite	724	134.321	14	41	7	7	0	0	2	2	1	2	1	0	3	1	1	0	0	0
kite	740	144.208	14	41	7	7	0	0	2	2	1	2	1	0	3	1	1	0	0	0
kite	756	91.205	14	41	2	2	0	0	2	0	0	0	1	0	2	0	0	0	0	0
kite	772	83.221	14	41	1	1	0	0	1	0	0	0	1	0	1	0	0	0	0	0
kite	788	79.369	14	41	0	0	0	0	0	0	0	0	1	0	0	0	0	0	0	0
kite	804	74.337	14	41	0	0	0	0	0	0	0	0	1	0	0	0	0	0	0	0
kite	820	124.909	14	41	6	6	0	0	1	4	1	0	1	0	4	2	0	0	0	0
kite	836	107.855	14	41	7	7	0	0	2	4	1	0	1	0	3	3	1	0	0	0
kite	852	102.006	14	41	6	6	0	0	3	2	1	0	1	0	3	2	1	0	0	0
kite	868	101.443	14	41	6	6	0	0	3	2	1	0	1	0	3	2	1	0	0	0
kite	884	112.167	14	41	7	7	0	0	3	3	1	0	1	0	3	3	1	0	0	0
kite	900	107.072	14	41	7	7	0	0	3	3	1	0	1	0	3	3	1	0	0	0
kite	916	106.901	14	41	7	7	0	0	3	3	1	0	1	0	4	2	1	0	0	0
kite	932	107.150	14	41	7	7	0	0	3	3	1	0	1	0	4	2	1	0	0	0
kite	948	105.528	14	42	7	7	0	0	3	3	1	0	1	0	4	2	1	0	0	0
kite	964	106.049	14	42	7	7	0	0	3	3	1	0	1	0	5	1	1	0	0	0
kite	980	107.572																		
kites	500	79.550	14	41	0	0	0	0	0	0	0	0	1	0	0	0	0	0	0	0
kites	516	81.332	14	41	0	0	0	0	0	0	0	0	1	0	0	0	0	0	0	0
kites	532	77.129	14	41	0	0	0	0	0	0	0	0	1	0	0	0	0	0	0	0
kites	548	88.800	14	41	0	0	0	0	0	0	0	0	1	0	0	0	0	0	0	0
kites	564	81.439	14	41	0	0	0	0	0	0	0	0	1	0	0	0	0	0	0	0
kites	580	82.501	14	41	0	0	0	0	0	0	0	0	1	0	0	0	0	0	0	0
kites	596	79.377	14	41	0	0	0	0	0	0	0	0	1	0	0	0	0	0	0	0
kites	612	71.746	14	41	0	0	0	0	0	0	0	0	1	0	0	0	0	0	0	0
kites	628	102.935	14	41	0	0	0	0	0	0	0	0	1	0	0	0	0	0	0	0
kites	644	96.970	14	41	0	0	0	0	0	0	0	0	1	0	0	0	0	0	0	0
kites	660	107.911	14	41	0	0	0	0	0	0	0	0	1	0	0	0	0	0	0	0
kites	676	123.407	14	41	0	0	0	0	0	0	0	0	1	0	0	0	0	0	0	0
kites	692	110.596	14	41	0	0	0	0	0	0	0	0	1	0	0	0	0	0	0	0
kites	708	102.154	14	41	0	0	0	0	0	0	0	0	1	0	0	0	0	0	0	0
kites	724	118.912	14	41	0	0	0	0	0	0	0	0	1	0	0	0	0	0	0	0
kites	740	119.701	14	41	0	0	0	0	0	0	0	0	1	0	0	0	0	0	0	0
kites	756	85.484	14	41	0	0	0	0	0	0	0	0	1	0	0	0	0	0	0	0
kites	772	80.260	14	41	0	0	0	0	0	0	0	0	1	0	0	0	0	0	0	0
kites	788	77.091	14	41	0	0	0	0	0	0	0	0	1	0	0	0	0	0	0	0
kites	804	74.401	14	41	0	0	0	0	0	0	0	0	1	0	0	0	0	0	0	0
kites	820	108.122	14	41	0	0	0	0	0	0	0	0	1	0	0	0	0	0	0	0
kites	836	87.787	14	41	0	0	0	0	0	0	0	0	1	0	0	0	0	0	0	0
kites	852	84.160	14	41	0	0	0	0	0	0	0	0	1	0	0	0	0	0	0	0
kites	868	86.366	14	41	0	0	0	0	0	0	0	0	1	0	0	0	0	0	0	0
kites	884	94.939	14	41	0	0	0	0	0	0	0	0	1	0	0	0	0	0	0	0
kites	900	89.715	14	41	0	0	0	0	0	0	0	0	1	0	0	0	0	0	0	0
kites	916	89.476	14	41	0	0	0	0	0	0	0	0	1	0	0	0	0	0	0	0
kites	932	89.541	14	41	0	0	0	0	0	0	0	0	1	0	0	0	0	0	0	0
kites	948	88.084	14	42	0	0	0	0	0	0	0	0	1	0	0	0	0	0	0	0
kites	964	87.561	14	42	0	0	0	0	0	0	0	0	1	0	0	0	0	0	0	0
kites	980	86.656																		
pbell	900	31.492	0	0	0	0	0	0	0	0	0	0	0	0	0	0	0	0	0	0
pbell	916	31.492	0	0	0	0	0	0	0	0	0	0	0	0	0	0	0	0	0	0
pbell	932	31.471	0	0	0	0	0	0	0	0	0	0	0	0	0	0	0	0	0	0
pbell	948	31.537	0	0	0	0	0	0	0	0	0	0	0	0	0	0	0	0	0	0
pbell	964	31.600	0	0	0	0	0	0	0	0	0	0	0	0	0	0	0	0	0	0
pbell	980	31.489	0	0	0	0	0	0	0	0	0	0	0	0	0	0	0	0	0	0
pbell	996	31.462	0	0	0	0	0	0	0	0	0	0	0	0	0	0	0	0	0	0
pbell	1012	31.474	0	0	0	0	0	0	0	0	0	0	0	0	0	0	0	0	0	0
pbell	1028	31.545	0	0	0	0	0	0	0	0	0	0	0	0	0	0	0	0	0	0
pbell	1044	31.599	0	0	0	0	0	0	0	0	0	0	0	0	0	0	0	0	0	0
pbell	1060	31.526	0	0	0	0	0	0	0	0	0	0	0	0	0	0	0	0	0	0
pbell	1076	31.425	0	0	0	0	0	0	0	0	0	0	0	0	0	0	0	0	0	0
pbell	1092	30.244	0	0	0	0	0	0	0	0	0	0	0	0	0	0	0	0	0	0
pbell	1108	46.089	0	29	0	0	0	0	0	0	0	0	1	0	0	0	0	0	0	0
pbell	1124	42.396	0	29	0	0	0	0	0	0	0	0	1	0	0	0	0	0	0	0
pbell	1140	42.157	0	29	0	0	0	0	0	0	0	0	1	0	0	0	0	0	0	0
pbell	1156	41.887	0	29	0	0	0	0	0	0	0	0	1	0	0	0	0	0	0	0
pbell	1172	41.694	0	29	0	0	0	0	0	0	0	0	1	0	0	0	0	0	0	0
pbell	1188	41.879	0	29	0	0	0	0	0	0	0	0	1	0	0	0	0	0	0	0
pbell	1204	41.805	0	29	0	0	0	0	0	0	0	0	1	0	0	0	0	0	0	0
pbell	1220	42.150	0	29	0	0	0	0	0	0	0	0	1	0	0	0	0	0	0	0
pbell	1236	41.658	0	29	0	0	0	0	0	0	0	0	1	0	0	0	0	0	0	0
pbell	1252	42.013	0	29	0	0	0	0	0	0	0	0	1	0	0	0	0	0	0	0
pbell	1268	41.888	0	29	0	0	0	0	0	0	0	0	1	0	0	0	0	0	0	0
pbell	1284	41.778	0	29	0	0	0	0	0	0	0	0	1	0	0	0	0	0	0	0
pbell	1300	42.297	0	29	0	0	0	0	0	0	0	0	1	0	0	0	0	0	0	0
pbell	1316	42.363	0	29	0	0	0	0	0	0	0	0	1	0	0	0	0	0	0	0
pbell	1332	41.826	0	29	0	0	0	0	0	0	0	0	1	0	0	0	0	0	0	0
pbell	1348	42.090	0	29	0	0	0	0	0	0	0	0	1	0	0	0	0	0	0	0
pbell	1364	42.493	0	29	0	0	0	0	0	0	0	0	1	0	0	0	0	0	0	0
pbell	1380	45.116																		
r103	1400	77.430	5	42	3	1	2	0	0	0	2	1	1	0	2	0	0	0	0	2
r103	1416	73.881	5	42	3	1	2	0	0	0	2	1	1	0	2	0	0	0	0	2
r103	1432	77.274	5	42	3	1	2	0	0	0	2	1	1	0	2	0	0	0	0	2
r103	1448	76.873	5	42	3	1	2	0	0	0	2	1	1	0	2	0	0	0	0	2
r103	1464	76.971	5	42	3	1	2	0	0	0	2	1	1	0	2	0	0	0	0	2
r103	1480	77.454	5	42	3	1	2	0	0	0	2	1	1	0	2	0	0	0	0	2
r103	1496	76.599	5	42	3	1	2	0	0	0	2	1	1	0	2	0	0	0	0	2
r103	1512	76.606	5	42	3	1	2	0	0	0	2	1	1	0	2	0	0	0	0	2
r103	1528	77.154	5	42	3	1	2	0	0	0	2	1	1	0	2	0	0	0	0	2
r103	1544	76.479	5	42	3	1	2	0	0	0	2	1	1	0	2	0	0	0	0	2
r103	1560	78.765	5	42	3	1	2	0	0	0	2	1	1	0	2	0	0	0	0	2
r103	1576	76.141	5	42	3	1	2	0	0	0	2	1	1	0	2	0	0	0	0	2
r103	1592	76.915	5	42	3	1	2	0	0	0	2	1	1	0	2	0	0	0	0	2
r103	1608	77.084	5	42	3	1	2	0	0	0	2	1	1	0	2	0	0	0	0	2
r103	1624	78.485	5	42	3	1	2	0	0	0	2	1	1	0	2	0	0	0	0	2
r103	1640	76.742	5	42	3	1	2	0	0	0	2	1	1	0	2	0	0	0	0	2
r103	1656	76.434	5	42	3	1	2	0	0	0	2	1	1	0	2	0	0	0	0	2
r103	1672	75.783	5	42	3	1	2	0	0	0	2	1	1	0	2	0	0	0	0	2
r103	1688	78.744	5	42	3	1	2	0	0	0	2	1	1	0	2	0	0	0	0	2
r103	1704	77.257	5	42	3	1	2	0	0	0	2	1	1	0	2	0	0	0	0	2
r103	1720	76.096	5	42	3	1	2	0	0	0	2	1	1	0	2	0	0	0	0	2
r103	1736	74.132	5	42	3	1	2	0	0	0	2	1	1	0	2	0	0	0	0	2
r103	1752	74.274	5	42	3	1	2	0	0	0	2	1	1	0	2	0	0	0	0	2
r103	1768	73.351	5	42	3	1	2	0	0	0	2	1	1	0	2	0	0	0	0	2
r103	1784	72.225	5	42	3	1	2	0	0	0	2	1	1	0	2	0	0	0	0	2
r103	1800	73.240	5	42	3	1	2	0	0	0	2	1	1	0	2	0	0	0	0	2
r103	1816	71.490	5	42	3	1	2	0	0	0	2	1	1	0	2	0	0	0	0	2
r103	1832	72.109	5	42	3	1	2	0	0	0	2	1	1	0	2	0	0	0	0	2
r103	1848	73.307	5	42	3	1	2	0	0	0	2	1	1	0	2	0	0	0	0	2
r103	1864	72.220	5	42	3	1	2	0	0	0	2	1	1	0	2	0	0	0	0	2
r103	1880	72.187																		
r103s	1400	79.499	5	42	0	0	0	0	0	0	0	0	1	0	0	0	0	0	0	0
r103s	1416	77.547	5	42	0	0	0	0	0	0	0	0	1	0	0	0	0	0	0	0
r103s	1432	79.445	5	42	0	0	0	0	0	0	0	0	1	0	0	0	0	0	0	0
r103s	1448	79.020	5	42	0	0	0	0	0	0	0	0	1	0	0	0	0	0	0	0
r103s	1464	79.990	5	42	0	0	0	0	0	0	0	0	1	0	0	0	0	0	0	0
r103s	1480	79.817	5	42	0	0	0	0	0	0	0	0	1	0	0	0	0	0	0	0
r103s	1496	78.630	5	42	0	0	0	0	0	0	0	0	1	0	0	0	0	0	0	0
r103s	1512	79.003	5	42	0	0	0	0	0	0	0	0	1	0	0	0	0	0	0	0
r103s	1528	78.590	5	42	0	0	0	0	0	0	0	0	1	0	0	0	0	0	0	0
r103s	1544	78.790	5	42	0	0	0	0	0	0	0	0	1	0	0	0	0	0	0	0
r103s	1560	80.902	5	42	0	0	0	0	0	0	0	0	1	0	0	0	0	0	0	0
r103s	1576	78.338	5	42	0	0	0	0	0	0	0	0	1	0	0	0	0	0	0	0
r103s	1592	79.268	5	42	0	0	0	0	0	0	0	0	1	0	0	0	0	0	0	0
r103s	1608	79.081	5	42	0	0	0	0	0	0	0	0	1	0	0	0	0	0	0	0
r103s	1624	80.699	5	42	0	0	0	0	0	0	0	0	1	0	0	0	0	0	0	0
r103s	1640	78.903	5	42	0	0	0	0	0	0	0	0	1	0	0	0	0	0	0	0
r103s	1656	78.799	5	42	0	0	0	0	0	0	0	0	1	0	0	0	0	0	0	0
r103s	1672	77.929	5	42	0	0	0	0	0	0	0	0	1	0	0	0	0	0	0	0
r103s	1688	80.280	5	42	0	0	0	0	0	0	0	0	1	0	0	0	0	0	0	0
r103s	1704	79.499	5	42	0	0	0	0	0	0	0	0	1	0	0	0	0	0	0	0
r103s	1720	78.347	5	42	0	0	0	0	0	0	0	0	1	0	0	0	0	0	0	0
r103s	1736	78.945	5	42	0	0	0	0	0	0	0	0	1	0	0	0	0	0	0	0
r103s	1752	78.484	5	42	0	0	0	0	0	0	0	0	1	0	0	0	0	0	0	0
r103s	1768	78.912	5	42	0	0	0	0	0	0	0	0	1	0	0	0	0	0	0	0
r103s	1784	64.610	5	42	0	0	0	0	0	0	0	0	1	0	0	0	0	0	0	0
r103s	1800	65.315	5	42	0	0	0	0	0	0	0	0	1	0	0	0	0	0	0	0
r103s	1816	63.696	5	42	0	0	0	0	0	0	0	0	1	0	0	0	0	0	0	0
r103s	1832	65.329	5	42	0	0	0	0	0	0	0	0	1	0	0	0	0	0	0	0
r103s	1848	64.727	5	42	0	0	0	0	0	0	0	0	1	0	0	0	0	0	0	0
r103s	1864	64.138	5	42	0	0	0	0	0	0	0	0	1	0	0	0	0	0	0	0
r103s	1880	64.315																		
